{"stat.useItem.mw.item.mclaren_senna":1,"stat.walkOneCm":284735,"stat.pickup.minecraft.wooden_axe":2,"stat.leaveGame":4,"stat.useItem.mw.item.ae86trueno":6,"stat.useItem.chiselsandbits.block_bit":1126,"stat.pickup.mw.flash":1,"stat.jump":209,"stat.crouchOneCm":26020,"stat.pickup.minecraft.dirt":26,"stat.sprintOneCm":18275,"stat.useItem.minecraft.stone_slab2":1040,"stat.pickup.mw.tactical_helmet":1,"stat.pickup.blockbuster.register":1,"stat.useItem.mw.item.atv_polaris_sportsman_850_2019":1,"stat.pickup.chiselsandbits.chiseled_rock":1,"stat.useItem.chiselsandbits.chiseled_cloth":33,"stat.useItem.chiselsandbits.chiseled_rock":143,"stat.pickup.mw.jpnvg18_helmet":2,"stat.flyOneCm":226671,"stat.useItem.chiselsandbits.chiseled_iron":4,"stat.deaths":1,"stat.pickup.props.props":14,"stat.pickup.minecraft.iron_door":1,"stat.drop":2,"stat.playOneMinute":358603,"stat.useItem.mw.item.audis4":1,"stat.sneakTime":18287,"stat.damageDealt":145,"stat.useItem.chiselsandbits.tape_measure":14,"stat.drop.mw.jpnvg18_helmet":1,"stat.timeSinceDeath":313323,"stat.drop.minecraft.wooden_axe":1}